site,variant,n_input,n_retained,n_excluded,polygon_area_ha_input,polygon_area_ha_retained,polygon_area_ha_excluded,n_null_confidence_input,n_null_confidence_retained,geometry_modified,null_rate_input
fr_camargue_2024,ftw,67,67,0,277.0753795672997,277.0753795672997,0.0,0,0,False,0.0
fr_camargue_2024,ftw_conf69,67,67,0,277.0753795672997,277.0753795672997,0.0,0,0,False,0.0
fr_camargue_2024,ftw_conf69_known,67,67,0,277.0753795672997,277.0753795672997,0.0,0,0,False,0.0
fr_camargue_2024,ftw_area1000,67,67,0,277.0753795672997,277.0753795672997,0.0,0,0,False,0.0
fr_bordeaux_2024,ftw,86,86,0,276.3625751136008,276.3625751136008,0.0,6,6,False,0.0697674418604651
fr_bordeaux_2024,ftw_conf69,86,71,15,276.3625751136008,227.7192776796522,48.64329743394856,6,6,False,0.0697674418604651
fr_bordeaux_2024,ftw_conf69_known,86,65,21,276.3625751136008,217.95292920067052,58.409645912930216,6,0,False,0.0697674418604651
fr_bordeaux_2024,ftw_area1000,86,79,7,276.3625751136008,275.95918759465576,0.40338751894501,6,4,False,0.0697674418604651
nl_flevoland_2025,ftw,49,49,0,727.2224464924959,727.2224464924959,0.0,0,0,False,0.0
nl_flevoland_2025,ftw_conf69,49,49,0,727.2224464924959,727.2224464924959,0.0,0,0,False,0.0
nl_flevoland_2025,ftw_conf69_known,49,49,0,727.2224464924959,727.2224464924959,0.0,0,0,False,0.0
nl_flevoland_2025,ftw_area1000,49,49,0,727.2224464924959,727.2224464924959,0.0,0,0,False,0.0
nl_bollenstreek_2025,ftw,103,103,0,325.294869282094,325.294869282094,0.0,0,0,False,0.0
nl_bollenstreek_2025,ftw_conf69,103,69,34,325.294869282094,306.52660669147184,18.76826259062216,0,0,False,0.0
nl_bollenstreek_2025,ftw_conf69_known,103,69,34,325.294869282094,306.52660669147184,18.76826259062216,0,0,False,0.0
nl_bollenstreek_2025,ftw_area1000,103,82,21,325.294869282094,324.5405335695252,0.7543357125687749,0,0,False,0.0
qc_yamaska_2024,ftw,38,38,0,773.5373394835574,773.5373394835574,0.0,0,0,False,0.0
qc_yamaska_2024,ftw_conf69,38,38,0,773.5373394835574,773.5373394835574,0.0,0,0,False,0.0
qc_yamaska_2024,ftw_conf69_known,38,38,0,773.5373394835574,773.5373394835574,0.0,0,0,False,0.0
qc_yamaska_2024,ftw_area1000,38,31,7,773.5373394835574,773.4050814479467,0.1322580356106755,0,0,False,0.0
vn_mekong_adjacent_2024,ftw,8,8,0,171.36687269418243,171.36687269418243,0.0,0,0,False,0.0
vn_mekong_adjacent_2024,ftw_conf69,8,8,0,171.36687269418243,171.36687269418243,0.0,0,0,False,0.0
vn_mekong_adjacent_2024,ftw_conf69_known,8,8,0,171.36687269418243,171.36687269418243,0.0,0,0,False,0.0
vn_mekong_adjacent_2024,ftw_area1000,8,8,0,171.36687269418243,171.36687269418243,0.0,0,0,False,0.0
