site,product,status,signature,inference_reused,output_sha256,n_polygons,query_s,error
fr_camargue_2024,pan,complete,7711f66daf1bda63cc281091af1d0264aec6833f0f5270a6697d063929ebd15c,False,500c0fea2ebe261256f110444b401571f8d7af2f8255e32a13a11f83db569f70,,,
fr_camargue_2024,sr,complete,d9afd55e9f4a3134fb078c193b9353ea12d4040bb5acfa89aa2b4af6b423f71c,False,69b3898ced9702c62548357e0d07c469f964e6824337f9c1db02008bd7a7fea9,,,
fr_camargue_2024,combined,complete,b703706c0b99ac5bde25b40b76dd5278ddb6bf9108d267365e39ab81dac40b87,False,733e10a819ef45daf5ff37a8e750a7ff6c994e38f9841cb60b6c53f954a33c9f,,,
fr_camargue_2024,false_color,complete,0e97f7a85720fc488ef964bdbf96122b2152b2b5cd2bfe02cec2f0e2f8294955,False,28fe8aed1db0446f0498844f14519bb9d46e090c287ed2c8ea83f2d3c92d44b1,,,
fr_camargue_2024,false_color_15m,complete,76f923c45181aeb58b4913409da7cef21f21f38b2b695f73b27f4d53101e202f,False,0b895368419d3680ec4328d8389ec53cdf7c28bacd5f3f1a19ab6513f1cc9b71,,,
fr_camargue_2024,pan_nir_red,complete,f6b6e6120e3cb5431217c26fddaf5173d2aab571958565966df3173f57e25897,False,f9a551158a185df45e93ea07a914819e4084f1572bb163d20cec15115134a662,,,
fr_camargue_2024,coarse_pan_nir_red,complete,50244f7797bf9fe3c01789f24fd18d7f90c264cb73a5c468fe1d02ac661b72a7,False,5e891ab542055ba907d6ddaa6ea0ebf5df63dc0495a1cc4207e2ad400c9a1be4,,,
fr_camargue_2024,hybrid,complete,eb402d8b9f5bdee4616183e33df5a519a8fc92eba842bd06300ebb8f4525140e,False,9bf40d49217c576a5ecf85978aec89d1ef3594f8f24b0b17c5bf51af2bdae3a8,,,
fr_camargue_2024,ftw,complete,,,a514e0f12c3a9f2851dfc6df4315fc18a20ed6c28408186ef503df049601def2,67.0,44.963147500064224,
fr_camargue_2024,ftw_conf69,complete,,,7c90293d892a49047120446f667352541d0c9551ade1f6d5c9386c9110d41a2e,67.0,44.963147500064224,
fr_camargue_2024,ftw_conf69_known,complete,,,70e087dd2700bef3a4ec37cb1fa2ad8f4e13b0ea5e5cf50e7e38e56835292311,67.0,44.963147500064224,
fr_camargue_2024,ftw_area1000,complete,,,c210f4eb859e32a6ce2dcc93a35ab7da1a4eea77b11957c9cc1b18cd3167f785,67.0,44.963147500064224,
fr_bordeaux_2024,pan,complete,f5e6a0286ade5c193427253730a21eb081a1c8e6bb200cf6eb9ab26ce947e5f5,False,cb02edbb398fc0420b7e4119fb0cfd7bf134f9e9b220b5536764444864b1a185,,,
fr_bordeaux_2024,sr,complete,eecd52652e0aa4dde50ab55dd064de4618eb0464a44b0d5e2e2981e60ec17893,False,fef8cea16164f9f8d070b959b414828ece9f2cd4d40f4523dd9c48cf0989b45e,,,
fr_bordeaux_2024,combined,complete,c10ec00f7b077c93249298ce8d9b9af6abff96ce717e09fe0a5e8fd7c09ed56d,False,97a3fdc5d65973a55941c683394aa559267b6b529f7ab2d1d095984b55ee83f4,,,
fr_bordeaux_2024,false_color,complete,7cb80cda1de0943b919286b6fe066a525edf3106a61f82708182002f5dfa6b4b,False,dc9d74dc1829e7290ee804da2d72243e52be40920386d726a06e720bbf96c16d,,,
fr_bordeaux_2024,false_color_15m,complete,820d722a51ec22e67d9044c95188fb5df9a282f2ff70a95908e0576edccb343b,False,b3dfa249e4bdf064cb096db0ae95dfccdb540c783ba85fef7dd5b318e82b886c,,,
fr_bordeaux_2024,pan_nir_red,complete,93a6ff32777992ef7911ad7652ea002eb20d667b02ba29b2e347a974f33c8962,False,4d76f5db68334df56f2e18fc87761d40c93e17144eddeff1b2133f251cfb4e64,,,
fr_bordeaux_2024,coarse_pan_nir_red,complete,e60b7683e3fd6e29ab863ed9da33cf68c3993a650ec3238e54b183a8fee0278e,False,229b75c1046262b747d7f68f7d6f07bdb14a6cec51250d82a078584e9f661a2b,,,
fr_bordeaux_2024,hybrid,complete,9ff6ca0bc65efad9082ebeab09e3ad8d84f1ecf7f77c324968e991e29d1e38f7,False,1b30ca10f69e770e66a2cdb46506b2de24522ca75070778858325f18428d6fd8,,,
fr_bordeaux_2024,ftw,complete,,,6ece1b13e05175d9fa8260e8248b5cf200b4cb87468a32c188f5de98fade7249,86.0,51.24562589998823,
fr_bordeaux_2024,ftw_conf69,complete,,,d61ff37ec46e83d76c7f9278c8611b3e054b9a086a3888f0f8279c1ef4753082,71.0,51.24562589998823,
fr_bordeaux_2024,ftw_conf69_known,complete,,,f7505611b5c087422a37904526c26a8d95b1312580f973dc2691701561541abf,65.0,51.24562589998823,
fr_bordeaux_2024,ftw_area1000,complete,,,43ae314e8b6a820c2a2e57d3f972952941717fc8ac5425167b786a3ce0267752,79.0,51.24562589998823,
nl_flevoland_2025,pan,complete,c09e1eb8aadcce3ba06238cbf6f59079001b1d76bc12b1674ca59250396a415a,False,54c0127e0aec9aef5902d271842bd1925f4cd36ab830ae2905d57c9bdd7a2fd4,,,
nl_flevoland_2025,sr,complete,7faad61c4f9ee729d47c71d1dcdde4f0c7bd7dc5de1eba62c2051e0e12a990ad,False,6f09770c540e19e0803f5c818a9af23702e8455140c94d2d2c1d0af6a001b275,,,
nl_flevoland_2025,combined,complete,6ebd6044cc5d881ce8e819ef910882a9411cf0f1bcb51402a06a0fd8c8266798,False,7f07a55111d254469ee79d78579acc83e09c7bf16f6536ffd5d2348b7d7ec2ba,,,
nl_flevoland_2025,false_color,complete,509f41454e73594cf6fe2cb444414615d25aa508e8e16a9da58c4de2a2419ef1,False,2ab4c7eb5de6e082778e2aa02856a2c747f5ee5c649c746c261a1eab92bd82f2,,,
nl_flevoland_2025,false_color_15m,complete,747ee75a4b7c8f352f956478bb08608b8df26282a5d40bf100ccc065e4cb3ad8,False,f549a401ae845d509113eb8cbad5981f9db83eb719910d054ea50b16cd1a127f,,,
nl_flevoland_2025,pan_nir_red,complete,a7f37174f570fd94a6f159ee5efddafd8aa4e42f139af0a312f1b5bc837978d5,False,dadcf506495f1caa14a3210cc21e8720a56013ea9fd6f1ab493bba2ba9880248,,,
nl_flevoland_2025,coarse_pan_nir_red,complete,3a84adcef1cde0faa53602f9fb2142b970408514f66763ebc7f591e92914d82d,False,91802caf96c6647061efa1df9298353e653a78b312bbf884c028873fb41d7004,,,
nl_flevoland_2025,hybrid,complete,b8f1b24361e2b4ef5b50d4453883df56f92547ff2db6c171d8a89adda8206209,False,f208029428c7da10fa444ca19ca54e45c342e77dcc6dc1d645660f284447a8e8,,,
nl_flevoland_2025,ftw,complete,,,9152970727352061e0bab791949bd29ad5986c07a5e3cccb9b1ad547d8d46d92,49.0,68.05139319994487,
nl_flevoland_2025,ftw_conf69,complete,,,979e3cd2a593f460fd883b300b21887508c8eacf0fac6d38b7956f558d3c6c95,49.0,68.05139319994487,
nl_flevoland_2025,ftw_conf69_known,complete,,,0ac7707778ae64dac86dd6adb2a92cf968a724a9bd108bad30a64caf7f46b41a,49.0,68.05139319994487,
nl_flevoland_2025,ftw_area1000,complete,,,732bdf908a9852d0b417423cd0c1a438a775bf1ccd0746cbbbfa6f9f47c6fd45,49.0,68.05139319994487,
nl_bollenstreek_2025,pan,complete,53145b3244e118b2a0f16ba218bde31c2ea6d651a4d1692d27d735b9f81bc488,False,23985200b249d9bc8cd7c4d1a5af1ba75f547d16cd46170ac9fc56629665f0f2,,,
nl_bollenstreek_2025,sr,complete,bfe7680eb11f6409375061b4c217cfbb1f027e447f4bb8657009eb843bce7e25,False,f021d5f018bba8deccedb91de08c8dd41a053b01e873a1dc5ae964eb51a0bd0d,,,
nl_bollenstreek_2025,combined,complete,814316389e511be0b6f376a778bed22dbd3fad5934204d676e4e8cfbf953afca,False,27f90f4d538749e3255e1243a1d43103628039fd16f94702a8454d0406d96437,,,
nl_bollenstreek_2025,false_color,complete,66e9bec47b3e2ef4690369d02651d843daf6224bd8f4da1dfafea7a7d99d5f4c,False,9fda42a228a53999d1993f3593d26494328ecaa4b89f42584351513c02771275,,,
nl_bollenstreek_2025,false_color_15m,complete,a2c85bbc74873da58067d27b837812c8939133ff6b5f0d2bda3eaf5ccd72d469,False,554401b20145046ad4d805c143e00bd6f1ebd91a20c0bf7ecf792791fef64908,,,
nl_bollenstreek_2025,pan_nir_red,complete,33f2c3c5e6099c82fae718bb1398e5672e8d89c719a7f3b85809fe88b2520053,False,b0e442489d0b3f04f88e7320f35eda58768a03c5fc45ae85cbc817a5aa232d04,,,
nl_bollenstreek_2025,coarse_pan_nir_red,complete,19cdbe7f267df55c1c0747b6ec3061595db7f00565c1a72cec197ee4bb13a396,False,09f2d981e092839d58b728c2997cee327cb249906e1d5ef6daea353b5e740c31,,,
nl_bollenstreek_2025,hybrid,complete,cda50beb8818af9b52b3e7ef0d96ce8b0e7eda097e5cf9fef67179c56cc01297,False,94cde2352ab8efd4aa8b808e7c105a8ad39698038567af90633c4248e13d476e,,,
nl_bollenstreek_2025,ftw,complete,,,cd282c7ec167c0838b658f78af9eeb818e08d0893035c904030f3cc3d1f81b11,103.0,63.005856100004166,
nl_bollenstreek_2025,ftw_conf69,complete,,,740dc734d92a720c298246992661a208006493d3af14782fe5c1df9be27be832,69.0,63.005856100004166,
nl_bollenstreek_2025,ftw_conf69_known,complete,,,8b156017eb08059007d811e68767604dc08f06bd9050df79a8499ccbcaae7b65,69.0,63.005856100004166,
nl_bollenstreek_2025,ftw_area1000,complete,,,c089dc545ceddca0f44805d6bd7c676374e7bb44915440dcf4b77cde9068ffb2,82.0,63.005856100004166,
qc_yamaska_2024,pan,complete,3df8e843071ef3ac933c158e7d6846d6626e452179605090c11ee4bd9090e7bf,False,69efa3f1d4920945b89f829282a795cae4366901f6a7e96466a080c5bbe8fd7b,,,
qc_yamaska_2024,sr,complete,36d6e045aa20a51607e021a6ac5f77f593e808d7dbac31e776ab4f72a77c4970,False,71450b4ee3bcea6214c8de579d1cc206d166a2ef81f64dc1d38ee25f85857a4b,,,
qc_yamaska_2024,combined,complete,64e71fd4d5b9b56c2a4cf621a37f3751d55f81645de6944213bda82bc8f5b35a,False,3f88af0c2528fd00102c02288981a6814471efa5032178b6454bd05b68d17f41,,,
qc_yamaska_2024,false_color,complete,ed82e7931a0f86c451db6f02e549282b72dcbaef8face7f43436f9dbc47d3590,False,f8ec579b22bc94bbc6dcbc38a4cc8c9ed6a2184b3b8e07a155439e8022de5f4b,,,
qc_yamaska_2024,false_color_15m,complete,7872788e25f561020ccd7bbd3325912678fb65634e3650c680ccc1d8deaa8e13,False,cf5cd13eb58ed2befdcd78f6974540cb2947ab1b4047e7e6f44909c1baf70be2,,,
qc_yamaska_2024,pan_nir_red,complete,a6be8c1928a6163e4c9f95752eb095a2546edceadfc05ea72cdc321e92e03676,False,ab272250dea9418ab7239d0edfccbb80af93975003214bc2c2648a1437a4c72a,,,
qc_yamaska_2024,coarse_pan_nir_red,complete,453f3e9c28ec0c647fe0431d76f2893c4c8925b26d8525ea686ff420f6a8b4bf,False,009d8902d5c79c3b278fa9c821ddbc9b410444f4d4813d7d3ed6663becf8c728,,,
qc_yamaska_2024,hybrid,complete,37e5c5f83f95aa219f6880d93985d7640326f6bbf033dbb89f82c49777934e49,False,576f24266327a4623cad1bbc2e8145f5317f81eb93bc1a3661b4101eca5bcb10,,,
qc_yamaska_2024,ftw,complete,,,7b2870b027b66fc7ba54ef4a0ed745df6332113dddbb89d553313262ec7bb9f9,38.0,79.54633080004714,
qc_yamaska_2024,ftw_conf69,complete,,,6bcee68dbed219538064a40d77119dce2192a6841609960ca21319e7b393cbd1,38.0,79.54633080004714,
qc_yamaska_2024,ftw_conf69_known,complete,,,b046b9f2c6c8706e68e2a8b48284380042c9b7570a481dbc477f9837495fa3b2,38.0,79.54633080004714,
qc_yamaska_2024,ftw_area1000,complete,,,f25acac75558b98a578ec18e76d9f4f2ef6b427c39c1503a8296a806d4bd05e0,31.0,79.54633080004714,
vn_mekong_adjacent_2024,pan,complete,ae749ed2332d1bed0f6a4c26ec0a175c36fbc4d9b88cd19b8707f8ba78558dfb,False,b92407d462ecb03ce27c690460f31681790b78fb8457d10567dd748ee9b65aa5,,,
vn_mekong_adjacent_2024,sr,complete,7a6e2d6b1bdec98e9f73370c845856480fcd417ac88d18a3144145ad46fc7310,False,00153d1895ca3bc3870d02c94255e1f5c74f9a024c2ef026450bbcc59ca37c77,,,
vn_mekong_adjacent_2024,combined,complete,7b259e147006c123554e39a565e6b74c83e949d8cae0d1dda4d40029795f1974,False,fe4854777d145fcce8064391b21c9992c333dc1ee0b55f516f460ba18982311d,,,
vn_mekong_adjacent_2024,false_color,complete,7d695137d06c8b2a7fac1087d9f7cdc3a82c4202b49324ad1042a3e88ddf5380,False,fd7ac1fb73ef3664f252d0c45e5307bcacc5f81322659c01b8b54ca02b51259c,,,
vn_mekong_adjacent_2024,false_color_15m,complete,f7a4d9072d3d957b06a2a1a5f5cbfa12d6c32d55f742ad2aa7a381c91703bcd1,False,45466cace34c6cfa3a85819aa61bb7cc3f773f5d4cad44a0d41bfbb7f7fded6e,,,
vn_mekong_adjacent_2024,pan_nir_red,complete,955e1a650ef4e30a2b0e63b3b33ee26ccfefdf54f872138f7c4d1b855702090a,False,1fcb9759bc2ad21112a93b2b375ae62c5380bb1220db96748b23405ce8f86674,,,
vn_mekong_adjacent_2024,coarse_pan_nir_red,complete,c0ef17c25a11d69329dd0bdb8274e9359df61093cff832153688f9f38c67054a,False,03ad120e0860e9737db978bcfdd2b243e384aaed6f6ae047cbb22cc30a9947ba,,,
vn_mekong_adjacent_2024,hybrid,complete,f1d187719eb394f1535d9551402220b9e09e4abe2d7a4d8c32c41dc2be24ffda,False,40cfc6ced504c9b30fb5908e25f63960188a9568075489fc053250f8f97943dd,,,
vn_mekong_adjacent_2024,ftw,complete,,,5710a531f0d654d58379aa83b7381326b63ddd7160692c242aad6ffed2642fb0,8.0,77.04636179993395,
vn_mekong_adjacent_2024,ftw_conf69,complete,,,d5a1e07e04918a7a3c9444b594c1ac681465fd749604bb874ace381f3306afee,8.0,77.04636179993395,
vn_mekong_adjacent_2024,ftw_conf69_known,complete,,,107c6528dce588fdccb6385793ab67078237676436bb5dfa5af281895bbae27d,8.0,77.04636179993395,
vn_mekong_adjacent_2024,ftw_area1000,complete,,,7334b096b2efb81207b3a60e96c5bb96e62862cecb1a303a1663a236fef11da8,8.0,77.04636179993395,
