track,site,country,product,evaluation_scope,primary_scope,temporal_category,reference_kind,training_overlap,boundary_tolerance_m,size_class_ha,crop_stratum,n_reference,n_predicted,precision,recall,f1,matched_iou,boundary_precision,boundary_recall,boundary_f1,oversegmentation,undersegmentation,benchmark_spatial_category
reference_evaluation,fr_camargue_2024,France,pan,reference_coverage,True,same_nominal_year_geometry_uncertain,declaration_parcel,Unknown spatial overlap for both models; no independent holdout claim,15,all,all_crops,53,70,0.3428571428571428,0.4528301886792453,0.3902439024390244,0.6728393843656076,0.4361244616186161,0.4922547151713423,0.4624927572710912,0.3514127265656248,0.3111539956018391,no_reference_overlap_with_published_v1_training_footprints
reference_evaluation,fr_camargue_2024,France,sr,reference_coverage,True,same_nominal_year_geometry_uncertain,declaration_parcel,Unknown spatial overlap for both models; no independent holdout claim,15,all,all_crops,53,30,0.4,0.2264150943396226,0.2891566265060241,0.632078559017217,0.3522413184394959,0.2658214592341597,0.3029896141701987,0.544481261337418,0.5260302261529727,no_reference_overlap_with_published_v1_training_footprints
reference_evaluation,fr_camargue_2024,France,combined,reference_coverage,True,same_nominal_year_geometry_uncertain,declaration_parcel,Unknown spatial overlap for both models; no independent holdout claim,15,all,all_crops,53,49,0.3877551020408163,0.3584905660377358,0.3725490196078431,0.6749401916376344,0.4395401885162026,0.4015513030832913,0.4196878394775165,0.3233012005078458,0.4060651276711485,no_reference_overlap_with_published_v1_training_footprints
reference_evaluation,fr_camargue_2024,France,false_color,reference_coverage,True,same_nominal_year_geometry_uncertain,declaration_parcel,Unknown spatial overlap for both models; no independent holdout claim,15,all,all_crops,53,34,0.4705882352941176,0.3018867924528302,0.367816091954023,0.6243424962285494,0.2909725414518051,0.2409413035352808,0.2636039805734839,0.520696126033055,0.511405170425357,no_reference_overlap_with_published_v1_training_footprints
reference_evaluation,fr_camargue_2024,France,false_color_15m,reference_coverage,True,same_nominal_year_geometry_uncertain,declaration_parcel,Unknown spatial overlap for both models; no independent holdout claim,15,all,all_crops,53,53,0.3773584905660377,0.3773584905660377,0.3773584905660377,0.6449139585492094,0.3645969360114753,0.3526162998634338,0.3585065531064307,0.5749711225806107,0.3093382307741577,no_reference_overlap_with_published_v1_training_footprints
reference_evaluation,fr_camargue_2024,France,pan_nir_red,reference_coverage,True,same_nominal_year_geometry_uncertain,declaration_parcel,Unknown spatial overlap for both models; no independent holdout claim,15,all,all_crops,53,77,0.3116883116883117,0.4528301886792453,0.3692307692307692,0.6493967675675152,0.3487035941323393,0.455047974460725,0.3948405711353159,0.4524218115931784,0.2552945190437531,no_reference_overlap_with_published_v1_training_footprints
reference_evaluation,fr_camargue_2024,France,coarse_pan_nir_red,reference_coverage,True,same_nominal_year_geometry_uncertain,declaration_parcel,Unknown spatial overlap for both models; no independent holdout claim,15,all,all_crops,53,38,0.3421052631578947,0.2452830188679245,0.2857142857142857,0.6677456689271914,0.38990727072638,0.2835736189589428,0.3283461120031049,0.6296876874057691,0.3733762018976095,no_reference_overlap_with_published_v1_training_footprints
reference_evaluation,fr_camargue_2024,France,hybrid,reference_coverage,True,same_nominal_year_geometry_uncertain,declaration_parcel,Unknown spatial overlap for both models; no independent holdout claim,15,all,all_crops,53,74,0.2567567567567567,0.3584905660377358,0.2992125984251968,0.6630582262999325,0.3662739779272229,0.4638237182147549,0.4093170216399603,0.4370084642813008,0.2905558927194799,no_reference_overlap_with_published_v1_training_footprints
reference_evaluation,fr_camargue_2024,France,ftw,reference_coverage,True,same_nominal_year_geometry_uncertain,declaration_parcel,Unknown spatial overlap for both models; no independent holdout claim,15,all,all_crops,53,63,0.4126984126984127,0.490566037735849,0.4482758620689654,0.8072907105886619,0.5932501783531995,0.7534670805967337,0.6638282489908963,0.3810196557364094,0.2476501281644999,no_reference_overlap_with_published_v1_training_footprints
reference_evaluation,fr_camargue_2024,France,ftw_conf69,reference_coverage,True,same_nominal_year_geometry_uncertain,declaration_parcel,Unknown spatial overlap for both models; no independent holdout claim,15,all,all_crops,53,63,0.4126984126984127,0.490566037735849,0.4482758620689654,0.8072907105886619,0.5932501783531995,0.7534670805967337,0.6638282489908963,0.3810196557364094,0.2476501281644999,no_reference_overlap_with_published_v1_training_footprints
reference_evaluation,fr_camargue_2024,France,ftw_conf69_known,reference_coverage,True,same_nominal_year_geometry_uncertain,declaration_parcel,Unknown spatial overlap for both models; no independent holdout claim,15,all,all_crops,53,63,0.4126984126984127,0.490566037735849,0.4482758620689654,0.8072907105886619,0.5932501783531995,0.7534670805967337,0.6638282489908963,0.3810196557364094,0.2476501281644999,no_reference_overlap_with_published_v1_training_footprints
reference_evaluation,fr_camargue_2024,France,ftw_area1000,reference_coverage,True,same_nominal_year_geometry_uncertain,declaration_parcel,Unknown spatial overlap for both models; no independent holdout claim,15,all,all_crops,53,63,0.4126984126984127,0.490566037735849,0.4482758620689654,0.8072907105886619,0.5932501783531995,0.7534670805967337,0.6638282489908963,0.3810196557364094,0.2476501281644999,no_reference_overlap_with_published_v1_training_footprints
reference_evaluation,fr_bordeaux_2024,France,ftw,reference_coverage,True,same_nominal_year_geometry_uncertain,declaration_parcel,Unknown spatial overlap for both models; no independent holdout claim,15,all,all_crops,126,44,0.3409090909090909,0.119047619047619,0.1764705882352941,0.745222676379775,0.7088320067944323,0.460495501072742,0.5582934600428081,0.6791394938783979,0.5701493094177837,no_reference_overlap_with_published_v1_training_footprints
reference_evaluation,fr_bordeaux_2024,France,ftw_conf69,reference_coverage,True,same_nominal_year_geometry_uncertain,declaration_parcel,Unknown spatial overlap for both models; no independent holdout claim,15,all,all_crops,126,41,0.3170731707317073,0.1031746031746031,0.155688622754491,0.7637105892948759,0.6984779931217675,0.4334334000938094,0.534924718072538,0.7051411630448742,0.5882783440127691,no_reference_overlap_with_published_v1_training_footprints
reference_evaluation,fr_bordeaux_2024,France,ftw_conf69_known,reference_coverage,True,same_nominal_year_geometry_uncertain,declaration_parcel,Unknown spatial overlap for both models; no independent holdout claim,15,all,all_crops,126,37,0.3513513513513513,0.1031746031746031,0.1595092024539877,0.7637105892948759,0.7029901989842188,0.4248091923478794,0.5295918776941825,0.7114608884226279,0.613853130477062,no_reference_overlap_with_published_v1_training_footprints
reference_evaluation,fr_bordeaux_2024,France,ftw_area1000,reference_coverage,True,same_nominal_year_geometry_uncertain,declaration_parcel,Unknown spatial overlap for both models; no independent holdout claim,15,all,all_crops,126,40,0.375,0.119047619047619,0.180722891566265,0.745222676379775,0.709435113776393,0.4571164609948338,0.5559882229442443,0.6847430457813383,0.5914532049331722,no_reference_overlap_with_published_v1_training_footprints
reference_evaluation,fr_bordeaux_2024,France,pan,reference_coverage,True,same_nominal_year_geometry_uncertain,declaration_parcel,Unknown spatial overlap for both models; no independent holdout claim,15,all,all_crops,126,71,0.3098591549295774,0.1746031746031746,0.2233502538071065,0.6189778920935377,0.4614175871636387,0.3836347585835529,0.4189464133164707,0.5826298770741212,0.6277572312742372,no_reference_overlap_with_published_v1_training_footprints
reference_evaluation,fr_bordeaux_2024,France,sr,reference_coverage,True,same_nominal_year_geometry_uncertain,declaration_parcel,Unknown spatial overlap for both models; no independent holdout claim,15,all,all_crops,126,4,0.25,0.0079365079365079,0.0153846153846153,0.5319873112662936,0.5228393904124465,0.0449551398920823,0.0827916321225438,0.8925391986080504,0.8583381332759145,no_reference_overlap_with_published_v1_training_footprints
reference_evaluation,fr_bordeaux_2024,France,combined,reference_coverage,True,same_nominal_year_geometry_uncertain,declaration_parcel,Unknown spatial overlap for both models; no independent holdout claim,15,all,all_crops,126,36,0.3888888888888889,0.1111111111111111,0.1728395061728395,0.658653670007901,0.5470430441286194,0.2867106501678088,0.3762335757546417,0.6105133862231088,0.6788536777039071,no_reference_overlap_with_published_v1_training_footprints
reference_evaluation,fr_bordeaux_2024,France,false_color,reference_coverage,True,same_nominal_year_geometry_uncertain,declaration_parcel,Unknown spatial overlap for both models; no independent holdout claim,15,all,all_crops,126,1,0.0,0.0,0.0,0.0,0.5062658459249715,0.0219470930495531,0.0420703955109361,0.9604263793378098,0.9081419874410016,no_reference_overlap_with_published_v1_training_footprints
reference_evaluation,fr_bordeaux_2024,France,false_color_15m,reference_coverage,True,same_nominal_year_geometry_uncertain,declaration_parcel,Unknown spatial overlap for both models; no independent holdout claim,15,all,all_crops,126,1,0.0,0.0,0.0,0.0,0.0,0.0,0.0,0.0317460317460318,0.9984374221598682,no_reference_overlap_with_published_v1_training_footprints
reference_evaluation,fr_bordeaux_2024,France,pan_nir_red,reference_coverage,True,same_nominal_year_geometry_uncertain,declaration_parcel,Unknown spatial overlap for both models; no independent holdout claim,15,all,all_crops,126,55,0.3090909090909091,0.1349206349206349,0.1878453038674033,0.6541187640520598,0.4948539863382474,0.3409782593126361,0.4037519532263005,0.715059352526521,0.585399901644271,no_reference_overlap_with_published_v1_training_footprints
reference_evaluation,fr_bordeaux_2024,France,coarse_pan_nir_red,reference_coverage,True,same_nominal_year_geometry_uncertain,declaration_parcel,Unknown spatial overlap for both models; no independent holdout claim,15,all,all_crops,126,0,0.0,0.0,0.0,0.0,0.0,0.0,0.0,1.0,,no_reference_overlap_with_published_v1_training_footprints
reference_evaluation,fr_bordeaux_2024,France,hybrid,reference_coverage,True,same_nominal_year_geometry_uncertain,declaration_parcel,Unknown spatial overlap for both models; no independent holdout claim,15,all,all_crops,126,61,0.2950819672131147,0.1428571428571428,0.1925133689839572,0.6371207249922534,0.4237319489765051,0.3315054342820284,0.3719875283677292,0.6915569366978666,0.5616736517985778,no_reference_overlap_with_published_v1_training_footprints
reference_evaluation,nl_flevoland_2025,Netherlands,ftw,reference_coverage,True,same_nominal_year_geometry_uncertain,declaration_parcel,Unknown spatial overlap for both models; no independent holdout claim,15,all,all_crops,306,47,0.425531914893617,0.065359477124183,0.1133144475920679,0.8665185369107707,0.969187159511685,0.7698585901353561,0.8580994034807805,0.3979826157709115,0.8348364622216728,no_reference_overlap_with_published_v1_training_footprints
reference_evaluation,nl_flevoland_2025,Netherlands,ftw_conf69,reference_coverage,True,same_nominal_year_geometry_uncertain,declaration_parcel,Unknown spatial overlap for both models; no independent holdout claim,15,all,all_crops,306,47,0.425531914893617,0.065359477124183,0.1133144475920679,0.8665185369107707,0.969187159511685,0.7698585901353561,0.8580994034807805,0.3979826157709115,0.8348364622216728,no_reference_overlap_with_published_v1_training_footprints
reference_evaluation,nl_flevoland_2025,Netherlands,ftw_conf69_known,reference_coverage,True,same_nominal_year_geometry_uncertain,declaration_parcel,Unknown spatial overlap for both models; no independent holdout claim,15,all,all_crops,306,47,0.425531914893617,0.065359477124183,0.1133144475920679,0.8665185369107707,0.969187159511685,0.7698585901353561,0.8580994034807805,0.3979826157709115,0.8348364622216728,no_reference_overlap_with_published_v1_training_footprints
reference_evaluation,nl_flevoland_2025,Netherlands,ftw_area1000,reference_coverage,True,same_nominal_year_geometry_uncertain,declaration_parcel,Unknown spatial overlap for both models; no independent holdout claim,15,all,all_crops,306,47,0.425531914893617,0.065359477124183,0.1133144475920679,0.8665185369107707,0.969187159511685,0.7698585901353561,0.8580994034807805,0.3979826157709115,0.8348364622216728,no_reference_overlap_with_published_v1_training_footprints
reference_evaluation,nl_flevoland_2025,Netherlands,pan,reference_coverage,True,same_nominal_year_geometry_uncertain,declaration_parcel,Unknown spatial overlap for both models; no independent holdout claim,15,all,all_crops,306,141,0.6382978723404256,0.2941176470588235,0.4026845637583893,0.7493617351595723,0.6734345604017222,0.6201617999245055,0.645701243322573,0.4185826067505797,0.6370387550459692,no_reference_overlap_with_published_v1_training_footprints
reference_evaluation,nl_flevoland_2025,Netherlands,sr,reference_coverage,True,same_nominal_year_geometry_uncertain,declaration_parcel,Unknown spatial overlap for both models; no independent holdout claim,15,all,all_crops,306,92,0.6521739130434783,0.196078431372549,0.3015075376884422,0.6855324126323676,0.4617433812321402,0.384699992907127,0.4197154373511367,0.5942704595764261,0.6868068683560746,no_reference_overlap_with_published_v1_training_footprints
reference_evaluation,nl_flevoland_2025,Netherlands,combined,reference_coverage,True,same_nominal_year_geometry_uncertain,declaration_parcel,Unknown spatial overlap for both models; no independent holdout claim,15,all,all_crops,306,128,0.7421875,0.3104575163398693,0.4377880184331797,0.7411200187617157,0.6855781477215596,0.5900809611362101,0.6342550443648746,0.43635339841206,0.6334171133755199,no_reference_overlap_with_published_v1_training_footprints
reference_evaluation,nl_flevoland_2025,Netherlands,false_color,reference_coverage,True,same_nominal_year_geometry_uncertain,declaration_parcel,Unknown spatial overlap for both models; no independent holdout claim,15,all,all_crops,306,95,0.5578947368421052,0.1732026143790849,0.2643391521197007,0.6581983372258841,0.4008941967867427,0.3405213267226548,0.3682497046165621,0.6267009781836445,0.6586070094945368,no_reference_overlap_with_published_v1_training_footprints
reference_evaluation,nl_flevoland_2025,Netherlands,false_color_15m,reference_coverage,True,same_nominal_year_geometry_uncertain,declaration_parcel,Unknown spatial overlap for both models; no independent holdout claim,15,all,all_crops,306,182,0.3461538461538461,0.2058823529411764,0.2581967213114753,0.6898005279681187,0.4968291822669796,0.53507951178806,0.5152454239818568,0.5862676414306931,0.5868882501901233,no_reference_overlap_with_published_v1_training_footprints
reference_evaluation,nl_flevoland_2025,Netherlands,pan_nir_red,reference_coverage,True,same_nominal_year_geometry_uncertain,declaration_parcel,Unknown spatial overlap for both models; no independent holdout claim,15,all,all_crops,306,154,0.551948051948052,0.2777777777777778,0.3695652173913044,0.713757244084245,0.5962427063317454,0.6028330525250977,0.5995197685365002,0.4788215479157107,0.6144583343543145,no_reference_overlap_with_published_v1_training_footprints
reference_evaluation,nl_flevoland_2025,Netherlands,coarse_pan_nir_red,reference_coverage,True,same_nominal_year_geometry_uncertain,declaration_parcel,Unknown spatial overlap for both models; no independent holdout claim,15,all,all_crops,306,179,0.4134078212290503,0.2418300653594771,0.3051546391752577,0.6993222556214045,0.5214213772295078,0.5794549232687934,0.5489085086062296,0.5415819738187794,0.5989172931284412,no_reference_overlap_with_published_v1_training_footprints
reference_evaluation,nl_flevoland_2025,Netherlands,hybrid,reference_coverage,True,same_nominal_year_geometry_uncertain,declaration_parcel,Unknown spatial overlap for both models; no independent holdout claim,15,all,all_crops,306,151,0.6026490066225165,0.2973856209150327,0.3982494529540481,0.7224061656582947,0.6273225076433356,0.5958255249478437,0.6111684807870141,0.4573888788901015,0.6238158050229308,no_reference_overlap_with_published_v1_training_footprints
reference_evaluation,nl_bollenstreek_2025,Netherlands,ftw,reference_coverage,True,same_nominal_year_geometry_uncertain,declaration_parcel,Unknown spatial overlap for both models; no independent holdout claim,15,all,all_crops,282,70,0.4285714285714285,0.1063829787234042,0.1704545454545454,0.7776883754668061,0.9445547161053924,0.5450118182457442,0.6911990453403137,0.5219201610683678,0.7286591102964316,no_reference_overlap_with_published_v1_training_footprints
reference_evaluation,nl_bollenstreek_2025,Netherlands,ftw_conf69,reference_coverage,True,same_nominal_year_geometry_uncertain,declaration_parcel,Unknown spatial overlap for both models; no independent holdout claim,15,all,all_crops,282,52,0.4807692307692308,0.0886524822695035,0.1497005988023952,0.7813574405858779,0.9518194555349002,0.4682827457824165,0.6277303530880354,0.5882148506267428,0.7492176060726813,no_reference_overlap_with_published_v1_training_footprints
reference_evaluation,nl_bollenstreek_2025,Netherlands,ftw_conf69_known,reference_coverage,True,same_nominal_year_geometry_uncertain,declaration_parcel,Unknown spatial overlap for both models; no independent holdout claim,15,all,all_crops,282,52,0.4807692307692308,0.0886524822695035,0.1497005988023952,0.7813574405858779,0.9518194555349002,0.4682827457824165,0.6277303530880354,0.5882148506267428,0.7492176060726813,no_reference_overlap_with_published_v1_training_footprints
reference_evaluation,nl_bollenstreek_2025,Netherlands,ftw_area1000,reference_coverage,True,same_nominal_year_geometry_uncertain,declaration_parcel,Unknown spatial overlap for both models; no independent holdout claim,15,all,all_crops,282,60,0.5,0.1063829787234042,0.175438596491228,0.7776883754668061,0.9513043335634156,0.5421468121781021,0.6906775803456829,0.5225427928125681,0.7397650705131797,no_reference_overlap_with_published_v1_training_footprints
reference_evaluation,nl_bollenstreek_2025,Netherlands,pan,reference_coverage,True,same_nominal_year_geometry_uncertain,declaration_parcel,Unknown spatial overlap for both models; no independent holdout claim,15,all,all_crops,282,91,0.4065934065934066,0.1312056737588652,0.1983914209115281,0.6237180685717302,0.6089858474634375,0.3199488953689564,0.4195006176583709,0.4676218408219015,0.7312380161513061,no_reference_overlap_with_published_v1_training_footprints
reference_evaluation,nl_bollenstreek_2025,Netherlands,sr,reference_coverage,True,same_nominal_year_geometry_uncertain,declaration_parcel,Unknown spatial overlap for both models; no independent holdout claim,15,all,all_crops,282,24,0.1666666666666666,0.0141843971631205,0.0261437908496732,0.5530958753126081,0.5268611900624185,0.1370682582236199,0.2175410228719565,0.7311467854543134,0.8695653213350979,no_reference_overlap_with_published_v1_training_footprints
reference_evaluation,nl_bollenstreek_2025,Netherlands,combined,reference_coverage,True,same_nominal_year_geometry_uncertain,declaration_parcel,Unknown spatial overlap for both models; no independent holdout claim,15,all,all_crops,282,62,0.4354838709677419,0.0957446808510638,0.1569767441860464,0.642539651011394,0.6441991723128921,0.2703467812600851,0.3808604084787617,0.476550842918857,0.7924429987618106,no_reference_overlap_with_published_v1_training_footprints
reference_evaluation,nl_bollenstreek_2025,Netherlands,false_color,reference_coverage,True,same_nominal_year_geometry_uncertain,declaration_parcel,Unknown spatial overlap for both models; no independent holdout claim,15,all,all_crops,282,32,0.21875,0.0248226950354609,0.0445859872611464,0.580694350177521,0.5358758259718339,0.1547842861221649,0.2401909585358737,0.6681380583094109,0.862257427638185,no_reference_overlap_with_published_v1_training_footprints
reference_evaluation,nl_bollenstreek_2025,Netherlands,false_color_15m,reference_coverage,True,same_nominal_year_geometry_uncertain,declaration_parcel,Unknown spatial overlap for both models; no independent holdout claim,15,all,all_crops,282,0,0.0,0.0,0.0,0.0,0.0,0.0,0.0,1.0,,no_reference_overlap_with_published_v1_training_footprints
reference_evaluation,nl_bollenstreek_2025,Netherlands,pan_nir_red,reference_coverage,True,same_nominal_year_geometry_uncertain,declaration_parcel,Unknown spatial overlap for both models; no independent holdout claim,15,all,all_crops,282,83,0.4457831325301205,0.1312056737588652,0.2027397260273972,0.6242212030331507,0.6192261729292122,0.3112484814454629,0.414268578062514,0.4653667435409218,0.7417463164527649,no_reference_overlap_with_published_v1_training_footprints
reference_evaluation,nl_bollenstreek_2025,Netherlands,coarse_pan_nir_red,reference_coverage,True,same_nominal_year_geometry_uncertain,declaration_parcel,Unknown spatial overlap for both models; no independent holdout claim,15,all,all_crops,282,9,0.2222222222222222,0.0070921985815602,0.0137457044673539,0.6960528953899241,0.707124615408922,0.0771394066211605,0.1391041070548262,0.8585649804030858,0.8923262069505371,no_reference_overlap_with_published_v1_training_footprints
reference_evaluation,nl_bollenstreek_2025,Netherlands,hybrid,reference_coverage,True,same_nominal_year_geometry_uncertain,declaration_parcel,Unknown spatial overlap for both models; no independent holdout claim,15,all,all_crops,282,79,0.4683544303797468,0.1312056737588652,0.2049861495844875,0.6051390062217219,0.6031945253060419,0.2851505786841894,0.3872397499070231,0.504332993761327,0.7554477651837187,no_reference_overlap_with_published_v1_training_footprints
reference_evaluation,qc_yamaska_2024,Canada,ftw,reference_coverage,True,same_nominal_year_geometry_uncertain,declaration_parcel,Unknown spatial overlap for both models; no independent holdout claim,15,all,all_crops,21,8,0.75,0.2857142857142857,0.4137931034482759,0.9316057155770524,0.9921009324608944,0.5292426203140621,0.6902610474194416,0.4063675452174253,0.4787496617142361,not_in_published_v1_country_inventory
reference_evaluation,qc_yamaska_2024,Canada,ftw_conf69,reference_coverage,True,same_nominal_year_geometry_uncertain,declaration_parcel,Unknown spatial overlap for both models; no independent holdout claim,15,all,all_crops,21,8,0.75,0.2857142857142857,0.4137931034482759,0.9316057155770524,0.9921009324608944,0.5292426203140621,0.6902610474194416,0.4063675452174253,0.4787496617142361,not_in_published_v1_country_inventory
reference_evaluation,qc_yamaska_2024,Canada,ftw_conf69_known,reference_coverage,True,same_nominal_year_geometry_uncertain,declaration_parcel,Unknown spatial overlap for both models; no independent holdout claim,15,all,all_crops,21,8,0.75,0.2857142857142857,0.4137931034482759,0.9316057155770524,0.9921009324608944,0.5292426203140621,0.6902610474194416,0.4063675452174253,0.4787496617142361,not_in_published_v1_country_inventory
reference_evaluation,qc_yamaska_2024,Canada,ftw_area1000,reference_coverage,True,same_nominal_year_geometry_uncertain,declaration_parcel,Unknown spatial overlap for both models; no independent holdout claim,15,all,all_crops,21,8,0.75,0.2857142857142857,0.4137931034482759,0.9316057155770524,0.9921009324608944,0.5292426203140621,0.6902610474194416,0.4063675452174253,0.4787496617142361,not_in_published_v1_country_inventory
reference_evaluation,qc_yamaska_2024,Canada,pan,reference_coverage,True,same_nominal_year_geometry_uncertain,declaration_parcel,Unknown spatial overlap for both models; no independent holdout claim,15,all,all_crops,21,15,0.6,0.4285714285714285,0.5,0.7112763964182761,0.4699630073561365,0.3230323217686041,0.3828855879369943,0.4345328313680559,0.3887850343058736,not_in_published_v1_country_inventory
reference_evaluation,qc_yamaska_2024,Canada,sr,reference_coverage,True,same_nominal_year_geometry_uncertain,declaration_parcel,Unknown spatial overlap for both models; no independent holdout claim,15,all,all_crops,21,5,0.6,0.1428571428571428,0.2307692307692307,0.6044621410910935,0.2859951414585944,0.0588025262497738,0.09754843717302,0.7762509261399331,0.7512370887157435,not_in_published_v1_country_inventory
reference_evaluation,qc_yamaska_2024,Canada,combined,reference_coverage,True,same_nominal_year_geometry_uncertain,declaration_parcel,Unknown spatial overlap for both models; no independent holdout claim,15,all,all_crops,21,11,0.6363636363636364,0.3333333333333333,0.4374999999999999,0.737428213339478,0.6088103946194299,0.2891848741645255,0.3921151112443825,0.5944802846948141,0.5330537957242031,not_in_published_v1_country_inventory
reference_evaluation,qc_yamaska_2024,Canada,false_color,reference_coverage,True,same_nominal_year_geometry_uncertain,declaration_parcel,Unknown spatial overlap for both models; no independent holdout claim,15,all,all_crops,21,11,0.1818181818181818,0.0952380952380952,0.125,0.5936276050029612,0.1964675889857243,0.110113295585386,0.1411287838718159,0.6507262847905422,0.5670767207148353,not_in_published_v1_country_inventory
reference_evaluation,qc_yamaska_2024,Canada,false_color_15m,reference_coverage,True,same_nominal_year_geometry_uncertain,declaration_parcel,Unknown spatial overlap for both models; no independent holdout claim,15,all,all_crops,21,13,0.1538461538461538,0.0952380952380952,0.1176470588235294,0.6082528515369909,0.2918328503041154,0.0800296400087522,0.1256124430991488,0.88336092352431,0.3348362131389249,not_in_published_v1_country_inventory
reference_evaluation,qc_yamaska_2024,Canada,pan_nir_red,reference_coverage,True,same_nominal_year_geometry_uncertain,declaration_parcel,Unknown spatial overlap for both models; no independent holdout claim,15,all,all_crops,21,10,0.4,0.1904761904761904,0.2580645161290322,0.8015584751472274,0.5964826640226779,0.2627220994575994,0.3647772555341449,0.4291685449485821,0.6055935065774543,not_in_published_v1_country_inventory
reference_evaluation,qc_yamaska_2024,Canada,coarse_pan_nir_red,reference_coverage,True,same_nominal_year_geometry_uncertain,declaration_parcel,Unknown spatial overlap for both models; no independent holdout claim,15,all,all_crops,21,16,0.0,0.0,0.0,0.0,0.3701850983331918,0.1603152053788838,0.2237371011938106,0.7052339340585976,0.4549818245077036,not_in_published_v1_country_inventory
reference_evaluation,qc_yamaska_2024,Canada,hybrid,reference_coverage,True,same_nominal_year_geometry_uncertain,declaration_parcel,Unknown spatial overlap for both models; no independent holdout claim,15,all,all_crops,21,13,0.6153846153846154,0.3809523809523809,0.4705882352941176,0.6793264171980926,0.5439632392772108,0.2398677381246437,0.3329269589749444,0.5143399113644651,0.4466994498982787,not_in_published_v1_country_inventory
reference_evaluation,vn_mekong_adjacent_2024,Vietnam,ftw,reference_coverage,True,reference_year_mismatch,physical_digitized_field,Unknown spatial overlap for both models; no independent holdout claim,15,all,all_crops,132,8,0.0,0.0,0.0,0.0,0.7730270493806419,0.3765915444333836,0.5064557097136364,0.4440656456006273,0.9299610143802356,overlap_with_published_v1_training_footprints
reference_evaluation,vn_mekong_adjacent_2024,Vietnam,ftw_conf69,reference_coverage,True,reference_year_mismatch,physical_digitized_field,Unknown spatial overlap for both models; no independent holdout claim,15,all,all_crops,132,8,0.0,0.0,0.0,0.0,0.7730270493806419,0.3765915444333836,0.5064557097136364,0.4440656456006273,0.9299610143802356,overlap_with_published_v1_training_footprints
reference_evaluation,vn_mekong_adjacent_2024,Vietnam,ftw_conf69_known,reference_coverage,True,reference_year_mismatch,physical_digitized_field,Unknown spatial overlap for both models; no independent holdout claim,15,all,all_crops,132,8,0.0,0.0,0.0,0.0,0.7730270493806419,0.3765915444333836,0.5064557097136364,0.4440656456006273,0.9299610143802356,overlap_with_published_v1_training_footprints
reference_evaluation,vn_mekong_adjacent_2024,Vietnam,ftw_area1000,reference_coverage,True,reference_year_mismatch,physical_digitized_field,Unknown spatial overlap for both models; no independent holdout claim,15,all,all_crops,132,8,0.0,0.0,0.0,0.0,0.7730270493806419,0.3765915444333836,0.5064557097136364,0.4440656456006273,0.9299610143802356,overlap_with_published_v1_training_footprints
reference_evaluation,vn_mekong_adjacent_2024,Vietnam,pan,reference_coverage,True,reference_year_mismatch,physical_digitized_field,Unknown spatial overlap for both models; no independent holdout claim,15,all,all_crops,132,41,0.1463414634146341,0.0454545454545454,0.0693641618497109,0.5432836880747268,0.6578056760694276,0.3936678664592538,0.492560100790125,0.3418775124192658,0.7398854569254171,overlap_with_published_v1_training_footprints
reference_evaluation,vn_mekong_adjacent_2024,Vietnam,sr,reference_coverage,True,reference_year_mismatch,physical_digitized_field,Unknown spatial overlap for both models; no independent holdout claim,15,all,all_crops,132,12,0.0,0.0,0.0,0.0,0.6669277660193553,0.1802067644930463,0.2837445306171804,0.7085024666861881,0.8389812712266538,overlap_with_published_v1_training_footprints
reference_evaluation,vn_mekong_adjacent_2024,Vietnam,combined,reference_coverage,True,reference_year_mismatch,physical_digitized_field,Unknown spatial overlap for both models; no independent holdout claim,15,all,all_crops,132,36,0.1388888888888889,0.0378787878787878,0.0595238095238095,0.5665962969244941,0.6531091893790997,0.366405156631863,0.4694442520960561,0.4203648516171231,0.7686944691415437,overlap_with_published_v1_training_footprints
reference_evaluation,vn_mekong_adjacent_2024,Vietnam,false_color,reference_coverage,True,reference_year_mismatch,physical_digitized_field,Unknown spatial overlap for both models; no independent holdout claim,15,all,all_crops,132,15,0.0666666666666666,0.0075757575757575,0.0136054421768707,0.6337626719348455,0.6224616510329372,0.1868899197403493,0.287469159766609,0.6423391882690044,0.842067810854812,overlap_with_published_v1_training_footprints
reference_evaluation,vn_mekong_adjacent_2024,Vietnam,false_color_15m,reference_coverage,True,reference_year_mismatch,physical_digitized_field,Unknown spatial overlap for both models; no independent holdout claim,15,all,all_crops,132,58,0.0344827586206896,0.0151515151515151,0.0210526315789473,0.5417369161141745,0.6369468637204534,0.3671558266051909,0.4658064449105766,0.7112436496681783,0.5918885865681065,overlap_with_published_v1_training_footprints
reference_evaluation,vn_mekong_adjacent_2024,Vietnam,pan_nir_red,reference_coverage,True,reference_year_mismatch,physical_digitized_field,Unknown spatial overlap for both models; no independent holdout claim,15,all,all_crops,132,53,0.1698113207547169,0.0681818181818181,0.0972972972972972,0.5459485924880747,0.6359706246329504,0.428107526684574,0.5117364938252765,0.5014917716861031,0.6807799974510117,overlap_with_published_v1_training_footprints
reference_evaluation,vn_mekong_adjacent_2024,Vietnam,coarse_pan_nir_red,reference_coverage,True,reference_year_mismatch,physical_digitized_field,Unknown spatial overlap for both models; no independent holdout claim,15,all,all_crops,132,49,0.0204081632653061,0.0075757575757575,0.011049723756906,0.5796946139879426,0.6273694240048957,0.3676251021161872,0.4635940048102469,0.6617853017805303,0.6819545978278464,overlap_with_published_v1_training_footprints
reference_evaluation,vn_mekong_adjacent_2024,Vietnam,hybrid,reference_coverage,True,reference_year_mismatch,physical_digitized_field,Unknown spatial overlap for both models; no independent holdout claim,15,all,all_crops,132,58,0.1034482758620689,0.0454545454545454,0.0631578947368421,0.5457876037881625,0.6426140208186275,0.4496575472751839,0.5290923116312968,0.4940200510821936,0.6719617765780587,overlap_with_published_v1_training_footprints
